customer_id,name,age,gender,city,state,income
1,Kendra Hess,49,Male,Lake Jaredside,Wisconsin,17209
2,Christine James,51,Male,West Mark,Oklahoma,16965
3,Kayla Reyes,30,Female,Lake Kimberlymouth,Texas,18788
4,Victoria Klein,27,Female,South Aimee,Kansas,3362
5,Margaret Nelson,55,Male,Theresatown,New Mexico,6942
6,James Hamilton,46,Male,Brownfurt,West Virginia,8625
7,Carrie Robinson,20,Female,Allisonberg,Illinois,18704
8,Melissa Garcia,53,Female,Walkerfort,Washington,2776
9,Holly Rhodes,31,Female,North Louisland,Wyoming,10644
10,Tracy Martinez,65,Male,Port Lynn,Maine,15536
11,Savannah Ortiz,27,Female,New Chelsea,West Virginia,4236
12,Nancy Scott,22,Female,New Kevin,Oklahoma,14732
13,Melissa Johnson,65,Male,East Mark,Kentucky,15035
14,Erika Stanley,67,Male,Ryanmouth,Wyoming,9164
15,Susan Thompson MD,20,Female,Port Heidi,Ohio,10738
16,Brenda Camacho,41,Female,Lake Michael,Nevada,17746
17,Christina Kane,43,Male,Nicholasshire,Connecticut,3285
18,Samantha Reed,49,Female,East Michellechester,Kentucky,8281
19,Michael Castillo,28,Female,Robertfurt,Wyoming,17928
20,Keith Anderson,61,Female,North Damonchester,Delaware,11582
21,Kelly Baker,25,Male,East Nicoleville,North Carolina,4920
22,Gary Ellison,56,Male,East Jamesberg,Idaho,12842
23,Aimee Mcdonald,41,Male,Whitemouth,Indiana,7581
24,Tara Wood,31,Male,Rebeccachester,South Carolina,5052
25,Ricardo Garner,54,Female,East Sherry,North Carolina,17895
26,Melanie Pollard,42,Male,Raytown,Minnesota,8751
27,Charles Munoz,23,Male,Scotttown,Maine,6660
28,Ruth Gonzalez,31,Female,Amyside,California,14751
29,Brandy Baker,48,Male,New Robertberg,Montana,16763
30,Jenna Gray,41,Male,South Jessica,Idaho,18192
31,Patrick Walker,58,Male,South Marciaside,Maryland,8056
32,Veronica Powell,37,Female,Jerrymouth,Rhode Island,3588
33,Kathleen Moore,44,Male,Lake April,Nebraska,3089
34,Gregory Walls,44,Male,Sarahport,California,19851
35,Stephanie Fields,28,Male,North Brandon,Wyoming,15509
36,Kendra Kirk,24,Female,Ericamouth,Nebraska,2133
37,Stephen Ross,44,Male,North Hollyside,Wyoming,8175
38,Robert Roberts,58,Male,Jaymouth,Delaware,4970
39,Eric Castro,63,Male,Robertsside,Alaska,7706
40,Stephen Peterson,65,Female,Lisabury,Connecticut,2952
41,Daniel Valenzuela,64,Male,Shermanton,Arkansas,18675
42,Sonya Ayers,61,Male,Gibsonfort,Georgia,12503
43,Alex Gonzalez,32,Male,Amyview,Georgia,5777
44,Robert Rice,25,Female,Lake Seanville,Washington,18247
45,Brandon Hernandez,36,Female,Port John,Rhode Island,3685
46,Jordan Patterson,32,Female,Sabrinahaven,South Dakota,9793
47,William Roberts,52,Female,Amberville,New York,10476
48,Kevin Ferrell,49,Female,North Nicolefurt,North Carolina,9484
49,Brandon Rogers,46,Male,Claudiaborough,Utah,18046
50,Madison Baker,61,Male,Robinburgh,Idaho,2867
51,Kenneth Mcbride,57,Male,Jefferyburgh,Nevada,17204
52,Jason Saunders,52,Female,West Racheltown,Wisconsin,3420
53,Julie Reed,27,Male,Millershire,Massachusetts,18376
54,Courtney Flores,34,Female,Jordanville,Mississippi,7582
55,Preston Smith,21,Male,Stephenchester,Nebraska,15933
56,Mary Brennan,50,Female,Frankland,Arkansas,12343
57,Kimberly Dougherty,18,Female,Alyssaborough,Kentucky,16255
58,Nicole Good,43,Female,Dixonfurt,Georgia,9581
59,Jacob Lewis,48,Male,South Sarahstad,Arizona,10335
60,Nancy Taylor,49,Female,Gibsonhaven,North Dakota,6498
61,Bryan Rodriguez,20,Male,Petersenhaven,Wisconsin,12198
62,Samuel Molina,24,Male,Lake Tinahaven,Alaska,3873
63,Kelly Morris,57,Female,Mcconnellmouth,Idaho,6408
64,Jessica Elliott,39,Female,East Janetburgh,Florida,18053
65,Nicole Boyd,22,Male,West Joanna,Connecticut,10920
66,Lisa Best,18,Male,Randolphside,Pennsylvania,2112
67,Erika Barr,63,Female,Nicoleberg,Utah,8092
68,Carlos Mckay,62,Male,Michealton,Montana,11680
69,Kyle Perez,31,Female,West Jonathan,Missouri,18926
70,David Erickson,35,Female,Vanessaland,Mississippi,4118
71,Jamie Cline,30,Male,Adamchester,Wisconsin,11643
72,Keith Snyder,51,Male,Karenhaven,Maryland,8463
73,Kathleen Collins,27,Female,Philipview,Virginia,11984
74,Courtney Humphrey,45,Male,Carolynton,Idaho,19370
75,James Harrison,53,Female,North Megan,Nebraska,15069
76,Tyler Cox,40,Male,Lorimouth,Missouri,8204
77,Mark Wright,30,Male,Lake William,Georgia,3439
78,Benjamin Mckenzie,39,Male,Thomasberg,Hawaii,17969
79,Shelly Rogers,19,Male,North Juliechester,Rhode Island,2013
80,Juan Huynh,51,Male,East Ashley,Kansas,17609
81,James Barton,23,Female,Lake Duanemouth,Connecticut,4453
82,Russell Moreno,32,Male,Courtneyhaven,Iowa,6066
83,Sonia Stafford,25,Female,East Annachester,Nebraska,19311
84,Katie Scott,43,Female,West Mario,Connecticut,12699
85,Mark Andrews,39,Female,Lake Amyview,Idaho,3761
86,Dennis Hanson,55,Female,Taraside,Pennsylvania,14199
87,Bradley Campos,61,Male,Lake Jody,Nevada,19811
88,Debra Thompson,48,Female,Brandtville,Indiana,2605
89,Sarah Gill,25,Male,Wendyville,Washington,13967
90,Karen Bautista,29,Female,Kevinland,Utah,10382
91,Jennifer Howard,43,Male,East Charlestown,Missouri,13080
92,Katie Allen,39,Male,Castilloville,Connecticut,11001
93,Luke Mccarty,34,Female,East Kennethton,Minnesota,2648
94,Danny Rojas,25,Female,West Jeremy,Montana,19993
95,Daniel Jackson,40,Female,Ortizton,Colorado,4407
96,Donna Hicks,58,Male,West Crystal,Tennessee,8662
97,Stacey Andersen,53,Male,Mclaughlinberg,Wisconsin,10771
98,Michael Martinez,20,Female,East Isaiah,Utah,17754
99,Dr. Robert Baxter,37,Male,Martinezton,West Virginia,8943
100,Travis Smith,25,Male,East Denise,Maryland,5390
101,Jordan Rodriguez,66,Female,North Bobbyfort,South Carolina,18259
102,Mike Campbell,51,Male,Eugeneton,Pennsylvania,19470
103,Jesus Jones,47,Male,Timside,Maryland,9588
104,Lisa Stewart,62,Male,Samuelhaven,Massachusetts,13821
105,Joshua Dixon,48,Male,Jesusstad,Ohio,19010
106,Jessica Hoover,35,Female,Lake Jacob,Missouri,14777
107,Mark Dickerson,69,Male,East Darlenefurt,Maryland,2019
108,Olivia Schultz,48,Male,North Morgan,Illinois,14106
109,Frank Bishop,56,Female,New Pamelastad,Kansas,14624
110,Bruce Walker,18,Male,West Martinstad,Delaware,10756
111,Lisa Kaufman,49,Female,Lake Jennifer,Mississippi,14440
112,Katrina Zhang,25,Male,Richardtown,Minnesota,6071
113,William Price,56,Male,Lake Andrew,New Hampshire,3489
114,William Fritz,63,Male,Gouldville,Vermont,4891
115,Zachary Guzman,62,Male,Nicholsberg,Georgia,17565
116,Marc Collins,22,Male,Matthewton,Colorado,5743
117,Julie Melendez,35,Female,Lake Williamland,Colorado,3174
118,Christy Williams,20,Male,Meaganmouth,Wyoming,11754
119,Samuel Hull,41,Male,Priceshire,New Hampshire,11091
120,Ronald Nixon,41,Female,Sharonside,Massachusetts,6333
121,Dominique Brown,26,Female,Melissaland,North Dakota,19022
122,Tara Reyes,23,Female,West Jamie,Delaware,10013
123,Andrea Austin,44,Female,Padillamouth,Montana,16539
124,Bryan Jacobs,49,Male,Daychester,Maryland,9973
125,Allison Collier,34,Male,North Lauraberg,Utah,13496
126,Amber Williams,21,Female,Lake Michaelfort,Rhode Island,18172
127,Patrick Henry,29,Male,South David,Massachusetts,11606
128,Elizabeth Cox,23,Female,West Dawn,Utah,8559
129,Eric Page,65,Male,Sarahhaven,Arizona,15528
130,William Lane,55,Female,Bowenfurt,Ohio,14595
131,Caitlin Gibson,65,Female,North Ethan,Tennessee,6289
132,Zachary Elliott,28,Female,Georgeview,Oklahoma,15023
133,William Turner,39,Female,Alexandertown,Montana,2769
134,Melanie Cole,51,Male,Cameronland,Texas,6985
135,Amanda Roberts,63,Female,Gregorymouth,Ohio,13150
136,Allison Montgomery,20,Female,South Karenton,Florida,12987
137,Nancy Reed,42,Male,West Amberborough,Utah,11185
138,Michael Miller,57,Female,Medinaton,Indiana,10163
139,Stephen Hall,65,Female,Brettshire,Arkansas,12885
140,Karla Santiago,51,Male,Lake Joshuashire,Texas,7624
141,Todd Mills,54,Female,Lake Michelechester,Iowa,13822
142,Jake Jones,55,Female,North Kevin,Iowa,16610
143,David Edwards,56,Female,West Johnburgh,North Dakota,8041
144,Scott Avery,39,Male,West Nicoleton,Missouri,19493
145,Adam Lewis,53,Male,South Benjamin,Michigan,6687
146,Christopher Snyder,22,Male,New Lisa,Ohio,11682
147,Joseph Garner,52,Male,Ashleymouth,South Dakota,10637
148,Raymond Hardy,65,Female,Watsonborough,New Jersey,4949
149,Sarah Hurst,37,Female,Lake Keith,Illinois,13169
150,Brandon Caldwell,28,Female,New Tara,Virginia,13799
151,Anthony Long,35,Female,Grimestown,Indiana,14656
152,Timothy English,70,Male,New Danielleburgh,New Jersey,10997
153,William Blanchard,61,Female,Lake Kathleen,Montana,13702
154,Justin Schaefer,19,Male,Masonbury,Hawaii,4762
155,Justin Romero,27,Male,New Mark,Texas,3234
156,Julie Cohen,27,Male,Elliottside,Wyoming,15920
157,Ronald Ruiz,30,Female,New Brittneychester,Massachusetts,14130
158,Melissa Shelton,20,Male,Powerston,North Dakota,7922
159,Oscar Rowe,49,Male,Stephaniefurt,South Carolina,9846
160,Jason Phillips,36,Male,Tommystad,Texas,17550
161,Pamela Stewart,29,Male,Debbieport,North Dakota,4767
162,Michelle Tapia,39,Male,Port Rickyview,Colorado,6164
163,Matthew Steele,32,Female,Scottberg,South Carolina,3052
164,Elizabeth Massey,67,Male,Port Kim,New Hampshire,6041
165,Makayla Banks,42,Female,Benjaminbury,West Virginia,3341
166,Thomas May,53,Female,Anthonyfurt,New York,3845
167,Chad Jones,50,Male,North Scott,Arizona,11684
168,Erin Roberts,44,Male,South Veronica,Nevada,8364
169,Matthew Miller,63,Female,West James,West Virginia,17158
170,Christopher Reed,23,Male,Shaneberg,Missouri,12629
171,Andrew Baxter,58,Female,Jacquelinehaven,Vermont,5909
172,David Long,33,Male,New Luke,New York,3133
173,Christopher Colon,58,Female,Herreraview,New Hampshire,11874
174,Caroline Clarke,29,Female,Lake Dalefurt,New York,14759
175,Robert Jones,39,Male,Nicoleland,Ohio,6054
176,Christine Reese,69,Female,Hollyville,Maryland,15192
177,Joanna Carroll,23,Female,Amymouth,Idaho,11176
178,Howard Rhodes MD,70,Female,Larryhaven,West Virginia,5019
179,Felicia Brown,24,Female,Stewartton,Tennessee,17204
180,Charles Morales,34,Female,Russellland,Mississippi,10252
181,Joyce James,22,Male,Jaclynview,Utah,14063
182,Adam Robinson,31,Male,West Juan,Kentucky,6638
183,Michelle Hill,20,Male,East Melissa,Rhode Island,9871
184,Edwin Kaufman,31,Female,Hernandezview,Oklahoma,4577
185,Nicole Frazier,66,Male,Jeffreyside,Illinois,4897
186,Whitney Williams,49,Male,South Mindyfort,Kentucky,10385
187,Ryan Freeman,58,Female,South Jessica,Washington,17935
188,Robert Kelley,45,Female,Lake Jeremiah,Texas,16063
189,Sara Horn,48,Male,Kevinton,Wisconsin,15160
190,Jose Gomez PhD,61,Male,Martinezton,Ohio,19288
191,Kimberly Graham,59,Female,Christinaview,Kentucky,7336
192,Mr. Don Hoffman,41,Female,Bowmanport,California,8955
193,Richard Lewis,50,Female,North Troybury,New Mexico,4503
194,Ms. Natalie Meza,51,Male,Sandratown,South Carolina,2009
195,Joshua Lee,26,Male,New Allison,Connecticut,12445
196,Jennifer Gross,53,Female,West Sabrina,Oklahoma,6948
197,Katie Reed,28,Male,Solisborough,Ohio,4399
198,Joshua Kim,45,Female,Youngville,Utah,6387
199,Melanie Miller,23,Male,West Laura,Wyoming,7841
200,Alexander Cannon,46,Female,East Jose,Iowa,8557
201,Pamela Fowler,24,Female,Gordonburgh,Wisconsin,8554
202,Kimberly Mcfarland,22,Female,New Michaelchester,South Carolina,7433
203,Michael Ortega,50,Female,East Ryanshire,Maine,16357
204,Robert Chase,59,Male,West Adrianburgh,Texas,11747
205,Linda Chang,41,Female,West Thomas,Oklahoma,8000
206,Timothy Ramos,27,Male,Port Amanda,Washington,2679
207,Bernard Walker,43,Female,Staceymouth,Alabama,3356
208,Jason Lara,69,Male,North Judy,Hawaii,13318
209,William Bradford,27,Male,Olsonchester,Hawaii,15752
210,Virginia Stewart,31,Male,Vanessamouth,Mississippi,7437
211,Allison Eaton,57,Female,Shafferberg,Wisconsin,15653
212,Mandy Huffman,20,Female,South Harryhaven,Alabama,15537
213,Mr. Shawn Guzman,35,Male,Robertfurt,Mississippi,8536
214,Anthony Ryan,46,Male,Port Andrew,New Jersey,4995
215,Mckenzie Holt,27,Male,Port Christopherbury,New Jersey,7957
216,Lauren Shelton,21,Female,Amychester,Wyoming,4329
217,Ronald Huff,31,Male,North Patriciastad,Georgia,15517
218,Amber Parker,32,Male,North Stevetown,South Carolina,10906
219,Erin Nelson,41,Female,West Williambury,Arkansas,11961
220,Daisy Phillips,34,Female,Tonyashire,Texas,16698
221,Scott Barber MD,67,Male,Gonzalezborough,Idaho,16677
222,Gilbert Williams,63,Male,Rebeccaview,Vermont,7231
223,Jason Williams,55,Female,Wigginsbury,Nevada,6133
224,Gregory Duran,23,Female,Lake Ashleyborough,Missouri,5495
225,Kayla Garcia,29,Female,New Scottfort,Florida,17119
226,Kara Tucker,44,Female,West Peter,Minnesota,15651
227,Linda Hunt,50,Female,Rosstown,Utah,16859
228,Preston Peterson,28,Male,Homouth,Michigan,19402
229,Jack Foster,26,Male,Lake Jodi,South Carolina,7627
230,Edwin Scott,44,Male,New Christophertown,Kansas,17196
231,Jennifer Rodriguez,64,Male,Caseyburgh,Wisconsin,3364
232,Michael Smith,51,Female,West Daniellemouth,Delaware,12730
233,Linda Patel,52,Male,North Michael,Pennsylvania,16389
234,Michelle Padilla,52,Female,New Jose,Mississippi,10727
235,Kelly Clark,44,Male,Brianview,Connecticut,12949
236,Dennis Davis,30,Female,Port Kyle,Connecticut,8981
237,Christopher Cantu,36,Female,New Henry,Delaware,9730
238,Anthony Martinez,23,Female,Silvaville,Indiana,12041
239,Heather Aguirre,40,Female,West Laurenbury,California,9970
240,Erin Carlson,28,Male,Bellbury,Vermont,18990
241,Jennifer Johnson,23,Male,South Kimberly,Massachusetts,12386
242,Amber Booth,59,Female,Roychester,Montana,2657
243,Amy Cantrell,50,Male,Lake Michelemouth,Illinois,12737
244,Daniel Mcknight,39,Female,South Johnview,Georgia,3324
245,Joseph Yu,39,Female,Conleyfurt,Connecticut,12561
246,Wendy Sanders,62,Male,Lake Omarburgh,Nebraska,5334
247,Connie Clark,39,Female,Robertsfurt,Iowa,12056
248,Deborah Pace,23,Male,Jonesfurt,Pennsylvania,17174
249,Jeffrey Yates,60,Female,Jeffreychester,Vermont,5633
250,Christine Thomas,61,Female,Madelinechester,Wyoming,16488
251,Kim Hawkins,53,Female,Perryport,Delaware,15799
252,Michael Richardson,31,Female,New Tinahaven,Wisconsin,16570
253,Anthony Gordon,35,Female,Patriciaport,Pennsylvania,13343
254,Heidi Tate,33,Male,New Kyle,South Dakota,16294
255,Ryan Campbell,31,Female,Port Amanda,Iowa,18562
256,Juan Brown,24,Female,Port Sandrashire,California,13070
257,Michael Adkins,27,Male,South Andrew,Oklahoma,8599
258,Jared Pollard,42,Female,Bauerhaven,Arkansas,15376
259,Richard Kelly,64,Male,Lake Jasmineville,Virginia,6918
260,Christopher Cooper,35,Male,Briggsfort,Utah,8494
261,Bethany Garza,20,Female,East Jacquelinemouth,New Hampshire,16946
262,Collin Shaw,37,Male,Port Heidiburgh,New York,4240
263,Mary Andrews,61,Female,Nicoleport,Hawaii,3306
264,Brittany Brown,29,Male,Richmondside,Maine,4128
265,Teresa Bruce,43,Female,North Stevenport,Illinois,8517
266,Christie Adams,33,Male,Jennyside,Connecticut,5988
267,Dawn Davis,68,Female,Johnsonbury,Virginia,11467
268,Manuel Jackson,49,Female,Port Andreatown,Louisiana,8246
269,Jamie Buchanan,34,Male,Lake Jeffrey,New York,8986
270,Donna Taylor,24,Male,Cameronbury,Washington,12976
271,Jonathan Williams,52,Male,Port Phyllis,Maryland,9508
272,Maria Smith,28,Female,New Alyssa,Wyoming,6202
273,Alexandria Ramos,61,Female,Jonesberg,Maine,7007
274,Michael Wheeler,69,Female,West Robert,Utah,10250
275,Madison Fernandez,51,Male,Port Cynthiachester,Louisiana,5065
276,Mark Welch,37,Male,Andersonmouth,Mississippi,10370
277,Ryan Brooks,67,Male,Andreland,Texas,16764
278,Anthony Collins,54,Female,Rangelburgh,Oregon,6171
279,Candace Daniel,41,Male,Sanchezhaven,Wyoming,2595
280,Thomas Powers,36,Male,Warrentown,Michigan,18480
281,Angela Bowers,23,Male,Port Eugenetown,Minnesota,5919
282,Kevin Cannon,44,Female,Susanville,Pennsylvania,6272
283,Javier Wilson,64,Male,Escobarville,Maine,10094
284,Robert James,33,Male,South Jesseport,Michigan,16067
285,Brittney Mclean,39,Male,Christinamouth,Nebraska,16048
286,Christopher Casey,68,Female,Wheelerburgh,Minnesota,17820
287,Brian Adams,51,Female,Erinhaven,Hawaii,17751
288,Marissa Hanson,67,Male,Littleton,Rhode Island,4309
289,Alec Bright,69,Female,Bakerville,Tennessee,12812
290,Gregory Larson,70,Female,Laurastad,Florida,8638
291,Donna Roberts,53,Female,Christophermouth,Hawaii,16069
292,Kathy Faulkner,52,Female,Lake Michaelfurt,Hawaii,16457
293,Charles Riley,43,Female,Coxmouth,Washington,17777
294,Derrick Palmer,40,Male,New Annette,Texas,3206
295,Shannon Richardson,31,Female,Elizabethside,Connecticut,17408
296,Shannon Martin,43,Male,East Chadville,Massachusetts,4626
297,Philip Payne,38,Male,North Lindsey,Missouri,18781
298,Travis Jones,55,Female,Lake Marymouth,Idaho,18692
299,Eric Alexander,38,Male,East Tonyastad,Connecticut,17620
300,Benjamin Davis,45,Male,Natalieburgh,Kansas,15530
301,Elizabeth Rice,49,Male,Lopezshire,Oklahoma,16060
302,Cynthia Johnson,48,Male,North Claudia,Rhode Island,11490
303,Jasmine York,37,Male,New Amy,New Mexico,10738
304,Charlotte Wilson,38,Female,Smithfort,Texas,9892
305,Duane Beard,38,Female,Katiefurt,Wyoming,3143
306,Danielle Mcdonald MD,55,Male,South Dustinchester,South Dakota,14240
307,Preston Mathis,58,Male,Brittanymouth,Mississippi,3288
308,Jessica Mann,70,Female,Patrickmouth,Utah,3040
309,Michael Howard,32,Female,Candaceside,Pennsylvania,8879
310,Alexis Barry,51,Female,Port Amyhaven,Tennessee,16179
311,Laura Newton,62,Male,North David,Maryland,6765
312,Jerry Mathis,55,Female,Ruizbury,South Carolina,10851
313,Jeffrey Lewis,66,Female,South Kevinshire,Texas,2888
314,Melinda Fowler,42,Male,Lake Adamton,Arkansas,8908
315,Diane Pham,69,Female,West Veronica,North Dakota,10616
316,Deborah Morgan,43,Male,Joshuaton,Texas,13834
317,Autumn Mcdaniel,43,Female,West Tinaberg,Colorado,4075
318,Debbie Schmidt,30,Male,Collinshire,Louisiana,12441
319,Vanessa Smith,69,Male,Loribury,Tennessee,6901
320,Ricardo Stokes,24,Female,Timothychester,West Virginia,15070
321,Robert Hurley,49,Female,Christinaport,Arkansas,18414
322,Joe Garcia,30,Female,Gentryland,Nebraska,7391
323,Alan Moore,61,Female,Andreaborough,South Dakota,16055
324,David Hudson,54,Male,Lake Anthonyton,Montana,2630
325,David Johnson,51,Female,Merrittfurt,New Hampshire,17495
326,Megan Simon,57,Male,Jonesfort,North Carolina,2955
327,Eric Figueroa,60,Male,Jessicaville,Montana,14009
328,Pamela Ball,65,Male,North Sherrishire,Pennsylvania,6266
329,Amber Gomez,43,Female,Hugheshaven,California,13286
330,Ashley Romero,47,Female,Port Lorimouth,Alabama,8018
331,Timothy Rios,49,Female,South Feliciabury,Connecticut,18051
332,Jon Miller,29,Female,Garnerberg,Louisiana,16640
333,Sharon Spencer,31,Male,South Jameshaven,Alabama,9147
334,John Shepherd,58,Female,Alberthaven,Georgia,12652
335,Mariah Johnson,20,Female,Cartertown,Georgia,16317
336,Deborah Little,22,Male,West Jenniferfurt,Utah,13337
337,Andrea Tyler,20,Female,East Pamelamouth,Mississippi,12519
338,Dr. Doris Fischer,30,Male,North Veronicaville,Arkansas,18006
339,Cody Dorsey,49,Female,New Michelle,Colorado,9033
340,Travis Harris,31,Male,Kathleenmouth,Massachusetts,14934
341,Jennifer James,70,Male,East Ronaldshire,Colorado,18228
342,Barry Brown,51,Male,North Jamesside,North Carolina,9710
343,Alyssa Wright DVM,65,Male,Klineburgh,Kansas,9302
344,Bryan Smith,36,Male,East Seanview,Iowa,13932
345,Betty Hernandez,36,Male,Rogerstown,Virginia,13284
346,April Miller,42,Female,New Johnmouth,California,15483
347,Robert Maldonado,28,Female,South Stacy,Maryland,10743
348,Steven Horton,28,Male,Thompsonshire,Minnesota,5086
349,Mrs. Renee Lawson,31,Male,North Cathyton,Indiana,16135
350,Todd Fuller,25,Male,Jimmyfort,New York,16105
351,Caitlin Murphy,68,Male,North Paigeport,North Dakota,14114
352,Angel Brown,38,Male,Coopermouth,Arizona,19833
353,Kendra Wright,62,Female,New Donnaborough,California,17353
354,Jason Hoffman,68,Male,South Adam,Tennessee,9238
355,Jody Lopez,51,Male,East Michaelton,California,2109
356,William Diaz,19,Female,Lake Morganport,New Mexico,6541
357,James Gay,51,Male,West Erinside,Maine,12888
358,Justin Williams,55,Male,Erinborough,South Dakota,15957
359,Lindsay Hill,40,Male,Perrychester,Rhode Island,14346
360,Mrs. Amanda Brooks,31,Male,Erinland,New Jersey,6730
361,Richard Novak,45,Female,New Jackson,Kansas,9095
362,Thomas Jones,21,Female,New Jeffreyfort,Idaho,10315
363,James Riley,33,Male,Joseport,Idaho,17606
364,Martin Durham,27,Female,Davisview,Virginia,12172
365,Jonathan Washington PhD,19,Female,Lesliemouth,New Jersey,7183
366,Heidi Brown,46,Female,South Matthew,Montana,6499
367,Catherine Lang,38,Female,Cervantesmouth,Nebraska,11623
368,Ellen French,37,Female,West Leslieport,Massachusetts,12165
369,Daniel Matthews,41,Male,North Manuel,Georgia,7429
370,Crystal Green,63,Male,Sawyerport,Michigan,12281
371,Christopher Vargas,55,Female,East Kelly,New Mexico,12403
372,Anthony Harris,69,Female,Hensleyland,Washington,8776
373,Maria Obrien,29,Male,West Kelsey,Wyoming,8431
374,Jared Hays,32,Female,Emilyborough,Kansas,7962
375,Nicholas Lane,48,Female,Andrewburgh,Arizona,18900
376,Stacie Davis,37,Male,South Jamie,New Mexico,8472
377,Jennifer Meadows,67,Male,Fritzfurt,Nebraska,11988
378,Jessica Davis,20,Female,Lake Wendy,Georgia,17314
379,John Whitehead,21,Male,Kaitlinland,Alabama,11290
380,George Klein,42,Female,North Sabrinafort,Missouri,12456
381,Brent Diaz,36,Female,New Arielbury,Iowa,5246
382,Sandra Vasquez,27,Female,Port Andrew,Utah,18997
383,Bobby Gaines,67,Female,East Emily,New Jersey,5032
384,Douglas Garcia,41,Male,Sanderstown,South Dakota,3317
385,Bethany Hood,60,Female,Port Davidland,Illinois,12362
386,Michelle White,46,Male,Karamouth,Vermont,9633
387,Ethan Melendez,28,Male,Williamsview,Texas,10942
388,Debra Macdonald,45,Male,Lake Julia,Kentucky,18175
389,Robert Smith,46,Female,Dianaport,Georgia,15407
390,Nancy Spencer,50,Female,Lake Matthewside,Georgia,16688
391,John Robinson III,47,Male,North Amberton,Michigan,5771
392,Jennifer Gallagher,23,Male,Lake Lauraberg,Texas,7770
393,Tracy Miller,40,Female,Romanchester,Virginia,14331
394,Joseph Burke,27,Female,North Maria,North Carolina,12868
395,Jennifer Harris,18,Male,Kathrynland,South Dakota,19061
396,Brandon Taylor,47,Male,South Aaron,Louisiana,5744
397,Anthony Wells,32,Female,Bradleychester,South Dakota,18342
398,Justin Shelton,38,Female,Baileyside,Maryland,16994
399,Andrew Thornton,41,Male,Tylerfurt,Arkansas,3702
400,Stephanie Knight,50,Female,Dannychester,Nebraska,4225
401,Alexander Wiley,59,Male,Rayshire,Louisiana,17507
402,Christopher Nicholson MD,44,Male,East Christopher,New Hampshire,2943
403,Tanya James,65,Male,South Tonyaport,Illinois,12631
404,Olivia Estes,51,Female,West Marc,North Dakota,6448
405,Susan Jones,49,Female,Tiffanystad,Delaware,14188
406,Chad Moore,24,Male,Vaughnport,New York,19630
407,Thomas Butler,51,Female,Ashleyville,Missouri,15759
408,Timothy Jackson,29,Male,East Deniseborough,Nevada,15640
409,Stacy Campbell,63,Female,Billtown,Massachusetts,2911
410,Richard Michael,45,Female,Hendersonmouth,Kansas,14833
411,Michael Long,26,Male,East Loriview,Rhode Island,17631
412,Katherine White,67,Female,New Brianna,Arizona,6774
413,Angela Johnson,40,Female,Lake Jennifershire,South Dakota,4552
414,Kristi Montgomery,23,Female,South Janet,Maine,6770
415,Nicole Vincent,32,Female,East Nicholasside,Vermont,4439
416,Christopher Johnson Jr.,23,Female,Dunnton,North Carolina,8635
417,Maria Burton,19,Male,Montgomeryborough,Texas,5462
418,Jennifer Barrera,52,Male,Gillespieland,West Virginia,14557
419,Savannah Fry,51,Male,East Brenda,Oklahoma,10017
420,Beth Fowler,49,Female,New Elizabethland,Hawaii,4908
421,Jennifer Greene,29,Male,Phillipfurt,Nebraska,17072
422,Barbara Brown,61,Female,Pamelaville,New Mexico,2959
423,Jessica Williams,70,Male,West Mary,Hawaii,17049
424,Destiny Pierce,23,Female,North Richard,North Carolina,17975
425,Brian Young,43,Female,Underwoodfurt,Connecticut,7996
426,Michael Juarez,34,Female,Elizabethfort,Rhode Island,13257
427,Zachary Simmons,67,Male,West George,Missouri,2997
428,Karen Cohen,26,Male,Kevinmouth,Iowa,18212
429,Christopher Hernandez,70,Female,Davidfurt,Colorado,8964
430,Jonathan Young,21,Female,Caseyberg,Texas,12733
431,Hunter Rogers,56,Male,Tateside,Rhode Island,7522
432,Tricia Mueller,39,Male,South Melissashire,Idaho,3629
433,Veronica Stanton,48,Male,North Samanthaland,Arkansas,14163
434,Randy Hernandez,48,Female,Scottton,West Virginia,17514
435,James Brennan,43,Male,Allisonstad,Montana,17041
436,Dawn Ramirez,67,Female,East Brenda,Illinois,5247
437,Dominique Ferguson,25,Male,West Amberview,Wisconsin,5044
438,Ronald Dyer,53,Female,Wuchester,Kentucky,10373
439,Nicole Thompson,29,Female,Sullivanhaven,Oklahoma,7405
440,Patricia Bennett,50,Male,Port Adrianberg,Rhode Island,5082
441,Dustin Sims,66,Female,Buchanantown,Georgia,9496
442,Daniel Nelson,63,Female,Wilsonmouth,Rhode Island,7018
443,Michelle Espinoza,23,Female,Karenmouth,North Carolina,9223
444,Jennifer Peck,49,Male,Justinfurt,Oklahoma,4443
445,John Mathis,64,Female,Aliciaside,Wyoming,5201
446,Tracy Davis,35,Male,Wardland,New Jersey,15596
447,Susan Krueger,63,Female,Williamsmouth,California,9742
448,Jason Erickson,65,Male,Morenotown,Tennessee,15784
449,Matthew Allen,45,Female,Jasonberg,Louisiana,11796
450,Wendy Brock,33,Female,Parsonshaven,Indiana,7633
451,John Sanchez,48,Female,South Olivia,New York,18831
452,Donna Peterson,49,Male,West Deannabury,Utah,16790
453,Matthew Pearson,46,Male,East Markbury,Georgia,13123
454,Mary Everett,37,Female,Lake Gabrielton,Hawaii,12048
455,Robert Parker,66,Female,Dariusshire,Indiana,6430
456,Donna Parrish,35,Female,Johnstonchester,Montana,16737
457,Amber Hall,33,Female,Cabrerashire,Utah,17811
458,Madison Rivera,58,Female,Jonesmouth,Illinois,11181
459,Bradley Fowler,23,Female,Matthewberg,Oregon,2294
460,Daniel Tucker,59,Female,New Reginaside,Maine,18951
461,Robert Nunez,43,Female,South Annette,Maryland,14281
462,Michael Arnold,38,Female,East Saraburgh,Louisiana,7803
463,Steve Poole,70,Female,Crosbyport,Wyoming,13782
464,James Roberts,60,Male,Pricehaven,South Dakota,19562
465,Paul Rowe,20,Male,Farrellchester,Alaska,4725
466,Thomas Rich,69,Female,Port Zacharybury,Pennsylvania,8365
467,Brandon Schaefer,45,Female,East Markberg,Kansas,19403
468,Marie Henry,24,Male,Christopherside,Maryland,6351
469,Travis Jarvis,25,Female,Jenningsview,Virginia,12612
470,David Valentine,41,Female,East David,North Dakota,8399
471,Bobby Williams,27,Female,Lake Heathermouth,Texas,13162
472,Francisco Santana,61,Female,Kathrynmouth,Florida,8330
473,Christopher Rollins,67,Male,New David,Indiana,16409
474,Tyler Hooper,34,Male,Chavezburgh,Virginia,14582
475,Sabrina Young,29,Male,Kleinbury,Montana,19788
476,Christy Morris,45,Female,Port Melissamouth,Maine,2866
477,Lori Leblanc,52,Male,North Christopherport,Minnesota,4097
478,Jerry Williams,56,Male,Angelburgh,Maryland,5316
479,Jessica Vincent,46,Female,New Lisa,Oklahoma,3857
480,Selena Brown,20,Male,New Monica,Maryland,18118
481,Deborah Nguyen,32,Male,Lake Charles,Wisconsin,13977
482,Michelle King,27,Female,Ochoaborough,Hawaii,7109
483,Aaron Martinez,51,Male,Ashleymouth,Maryland,17893
484,Luke Hanna,52,Male,Maryville,Illinois,18458
485,Angela Gibbs,25,Female,South Jessicachester,Louisiana,19943
486,Christine May,55,Male,East Monicabury,New York,9861
487,Jessica Sexton,45,Female,East John,Montana,14506
488,Nathan Valencia,53,Male,Jerryberg,South Carolina,2502
489,Erin Warren,66,Male,North Melvinton,Pennsylvania,18293
490,Donna Chavez,26,Male,West Ronaldfort,Kentucky,15733
491,Kevin Bean,27,Male,Atkinsville,New Mexico,13228
492,Tiffany Schmidt,67,Male,Hernandezmouth,Hawaii,19657
493,Kyle Young,45,Male,New William,Montana,4939
494,John Jenkins,28,Female,East Sharonborough,Nebraska,19477
495,Pamela Wang,60,Female,Port Keith,New York,6912
496,Scott Walker,21,Female,North Margaret,Kentucky,16971
497,Julie Scott,69,Male,Rebekahton,Wisconsin,4907
498,Steven Stout,62,Female,Samanthaburgh,California,8927
499,Natasha Thompson,61,Female,Port Curtismouth,New Mexico,4305
500,Elizabeth Hurley,56,Female,Port Daniel,Montana,5224
501,Emily Dalton,66,Female,Stevensshire,Washington,15091
502,Robert Paul,54,Female,West Victoria,North Carolina,16241
503,Michael Peterson,51,Male,Ashleymouth,Hawaii,12343
504,Katherine Kelly,39,Female,Brownstad,Delaware,11432
505,Kayla Oconnor,39,Male,Andrewmouth,Connecticut,19241
506,Stephen Wood,48,Female,Shawnport,Montana,18926
507,David Jones,33,Male,Cynthiachester,Kentucky,19494
508,Jody Khan,66,Male,Camachofurt,Louisiana,3995
509,Jessica Miller,51,Male,Ferrellfort,Ohio,8127
510,Tracy Myers,37,Female,West Stephenshire,Texas,11262
511,Caroline Mcclure,18,Female,Port Julia,Vermont,18267
512,Meghan Smith,36,Male,New Matthew,North Dakota,9690
513,Kathy Perez,27,Female,Markbury,North Carolina,12141
514,Brittney Smith,52,Male,Taramouth,South Carolina,16294
515,Ellen Parsons,56,Female,New Leslie,Tennessee,6367
516,Mary Estrada,19,Male,South Williebury,Maryland,13933
517,John Kelly,21,Female,Port Breannaport,Iowa,6934
518,Joseph Griffith,39,Male,Ortizside,Vermont,15305
519,Aaron Bowman,67,Female,Lake Katiefurt,Wyoming,8970
520,Frederick Moore,58,Male,South Laurachester,Nebraska,17696
521,Kristine Schmidt,61,Male,Lake Amystad,Missouri,13317
522,Douglas Johnson,50,Female,South Josephview,Minnesota,4821
523,Emily Griffin,26,Female,Fishershire,North Carolina,11919
524,Joshua Morris,63,Male,West Erin,Minnesota,6188
525,Barbara Atkinson,52,Female,Gutierrezville,Washington,18088
526,Jeffrey Griffin,56,Female,Paulland,New York,6210
527,Justin Williams,28,Male,Port Heather,Arkansas,3487
528,Jennifer Johnson,49,Male,East Anthonystad,Michigan,2141
529,Bradley Dominguez,48,Male,Lake Leonardfort,Iowa,14516
530,Angela Owens,29,Female,Port Amandaview,Maine,15081
531,Alison Bennett,52,Male,West Kaylamouth,Oregon,2265
532,Sheila Vega,61,Male,West Daniel,California,8628
533,Aaron Shelton,21,Male,Sullivanhaven,Kansas,11050
534,Kari Wilson,49,Female,North Melissa,Louisiana,14478
535,Ronald Medina,29,Female,Leonstad,Idaho,19599
536,Maria Hill,37,Female,South Theresa,Kentucky,10946
537,Derek Singleton,34,Male,West Beth,Rhode Island,8144
538,Richard Thomas,65,Male,Acostafurt,New York,11702
539,Eric Smith,23,Male,West Davidside,Utah,16147
540,John Williams,41,Male,Leeton,Connecticut,14614
541,Sean Middleton,35,Female,East Oscarfurt,Iowa,7368
542,Jeffrey Murray,67,Female,Anntown,Oklahoma,17299
543,Robert Austin,34,Male,Liuport,Texas,15182
544,Sara Lloyd,70,Male,West Cindy,Indiana,6940
545,Heidi Rodriguez,36,Female,West Glenn,Arkansas,8626
546,Christian Reed,38,Female,North Christina,New York,8656
547,Dr. Abigail Barber MD,31,Female,Benjaminport,Montana,6035
548,Jackie Fowler,50,Male,Vanceton,Minnesota,5060
549,Gabriel Henson,69,Female,Smithtown,Maine,3860
550,Carolyn Church,57,Male,Nancychester,Nebraska,12361
551,Rachel Warren,44,Female,Terrymouth,Connecticut,7363
552,Lucas Martinez,49,Male,Thomasview,Iowa,10420
553,Christopher Bailey,30,Male,Tonyaburgh,Indiana,9151
554,Terry Strickland,24,Male,West Lindabury,Washington,17132
555,Joseph Graham,51,Male,Richardmouth,Hawaii,19950
556,Roger Robbins,59,Male,South Gregoryview,Massachusetts,19108
557,Jamie Daniels,62,Male,Thompsonside,Texas,9250
558,Heather Smith,28,Male,West Adam,Alaska,7568
559,George Cunningham,43,Female,Port Luisfort,Nebraska,9097
560,Michael Cunningham,19,Female,Thomashaven,Florida,18868
561,Jeffrey Coleman,33,Male,Rodneyview,Massachusetts,4379
562,Carla Mcdonald,62,Male,Chavezland,Utah,11674
563,Andrea Stewart,62,Male,Susantown,Oklahoma,4480
564,Natalie Carey,57,Male,South Geoffrey,Connecticut,10632
565,Sandra Hill,70,Male,Woodshire,California,10348
566,Luis Roberts,60,Female,Mooreport,Oregon,4509
567,Brittany Ray,62,Female,Morsefurt,Vermont,11127
568,Bradley Ryan,28,Female,New Anthonyport,Alaska,7129
569,Andrew King,60,Female,Davidville,Alabama,2456
570,Courtney Taylor,20,Female,Gutierrezburgh,Maryland,9919
571,Natalie Smith,47,Female,Troyberg,Alaska,8583
572,Chelsea Simpson,29,Male,Danielchester,Hawaii,9724
573,Emily Green,56,Female,East Emilyville,Georgia,13529
574,Jon Lamb,35,Male,Port Thomasborough,Delaware,18944
575,Phillip Friedman,28,Male,Bakermouth,South Carolina,6246
576,Chad Dawson,66,Male,Cynthiatown,New Mexico,12259
577,Stacey Larsen DDS,38,Male,New Erin,Wyoming,17982
578,Keith Ellis,52,Male,Lake David,North Dakota,7958
579,Jeffrey Kelley,66,Female,West Marystad,Louisiana,16203
580,Kaitlin Miller,56,Female,East Travisview,Georgia,5691
581,Kelly Graves,52,Female,Brightfurt,North Dakota,17249
582,Troy Stuart,49,Male,Port Parkershire,Tennessee,5983
583,Brad Fernandez,59,Male,North Caseymouth,Minnesota,12657
584,Andrea Smith MD,30,Female,Dennisstad,Utah,14666
585,Kelly Mcgee,22,Male,Carterborough,New York,13038
586,Amanda Johnson,36,Female,East Angela,Maryland,10286
587,Martha Cruz,68,Female,Kingtown,Alabama,6047
588,Amanda Colon,52,Female,Kimberlymouth,New York,9102
589,Elizabeth Cameron,42,Female,Rosaleston,North Dakota,3747
590,Stephanie Walker,32,Male,Edwinview,Oregon,13871
591,Cindy Mckinney,57,Female,Michellehaven,Massachusetts,16186
592,Dennis Hernandez DDS,23,Female,Anthonyshire,Connecticut,10203
593,Bryan Burns,25,Male,East Alexanderhaven,Virginia,18428
594,Jessica Mitchell,53,Male,Nelsonburgh,South Carolina,4160
595,Scott Miller,60,Female,Lake George,North Carolina,7309
596,Brian Allen,22,Female,South Michaelmouth,Mississippi,17071
597,Lauren English,65,Male,North Dawnstad,Nebraska,9497
598,Joshua Alexander,26,Male,North Marvin,Colorado,8013
599,Kristen Payne,57,Male,Torresshire,Delaware,8893
600,Craig Monroe,53,Male,Port Savannahfort,Iowa,6310
601,Charles Smith,56,Male,Cooperhaven,Nevada,8671
602,Christopher Moore,59,Female,Jacobburgh,New Jersey,17370
603,Jacob Delgado,70,Female,Lake Danielbury,Montana,16563
604,Jessica Cole,28,Female,Parkerchester,Hawaii,9382
605,Jonathan Osborne,44,Female,North Angelaview,Arkansas,5861
606,Nicholas Lowe,70,Male,Brendaland,Connecticut,5765
607,Christopher White,37,Female,New Nicole,Michigan,9965
608,Michael Ford,52,Female,Rhodesland,Ohio,16686
609,Phillip Vasquez,66,Female,Robertmouth,Louisiana,12668
610,James Ball,64,Female,Jacobsview,Massachusetts,4742
611,Meagan Gilbert,33,Male,Amyview,New Jersey,15707
612,Frederick Edwards,61,Male,Heidichester,Louisiana,4773
613,Robert Barton,29,Female,Adammouth,New Mexico,14357
614,Suzanne Valencia,24,Female,Lake Jenniferstad,Texas,19064
615,Jordan Myers,70,Male,Davidfurt,Alabama,5154
616,Jason Hernandez,31,Male,North Peggyland,South Carolina,18976
617,Christopher Franklin,51,Male,Novakland,Colorado,14549
618,Jessica Lopez,34,Male,South Danielview,Iowa,6424
619,Matthew Barnett,21,Female,Robertbury,Maryland,18155
620,Cory Allen,64,Female,Sherimouth,Delaware,2415
621,Jose May,53,Female,Port Kevinborough,Minnesota,18518
622,Mark Monroe,44,Male,West Nathan,Arkansas,2371
623,Sandra Brock,65,Female,Jacksonhaven,South Carolina,14587
624,Noah Haynes,21,Female,Lake Apriltown,Ohio,19367
625,Allison Wright,62,Male,New Michaelside,Michigan,5865
626,Mark Bradley,46,Female,Kaufmanshire,Indiana,13898
627,Eric Mitchell,36,Female,West John,Florida,5350
628,Melanie Porter,60,Female,New Anthony,Texas,6664
629,Karen Hebert,27,Male,Frenchmouth,North Dakota,7132
630,Dr. Benjamin Ferrell,44,Male,Georgehaven,Hawaii,2294
631,Mr. James Lewis,41,Female,Port Samuel,Wisconsin,6625
632,Timothy Shepard,58,Male,Maryburgh,Colorado,3937
633,Gina Palmer,52,Male,Lake Kevin,Missouri,2421
634,Nathan Smith,47,Female,Charlesmouth,Texas,17259
635,Dylan Garcia DVM,30,Male,Lake Arthurchester,Oklahoma,4323
636,Joyce Johnson,50,Male,South Eric,New Jersey,18035
637,Joshua Wilson,32,Female,Tanyaport,North Dakota,10762
638,Margaret Swanson,44,Female,Richardbury,Illinois,10352
639,Stephanie Preston,37,Male,South Kaitlyn,Arkansas,9411
640,Ronald Bailey,24,Female,Port Scottville,Ohio,10803
641,Lisa Maddox,43,Male,Emilyport,Florida,7071
642,Bailey Robertson,36,Male,Davidtown,Iowa,12241
643,Tammy Rogers,69,Female,Port Thomas,Louisiana,19890
644,Paul Schultz,22,Male,New Michaelside,Nebraska,7827
645,Jeffrey French,51,Male,North Amandaland,Mississippi,5839
646,Christina Shaw,54,Male,North Justin,Indiana,8971
647,Thomas Martin,64,Female,Ryanfurt,Connecticut,11905
648,John Townsend,47,Female,Grayville,Iowa,19528
649,Kathleen Cohen,31,Female,Limouth,Kentucky,14289
650,Christine Wise,32,Male,Petershire,Maine,17614
651,Mary Martin,45,Male,Elizabethfort,Georgia,4883
652,Jessica Casey DVM,54,Female,South Mary,Arizona,13147
653,Craig Clark,65,Male,East Chelsey,Utah,5922
654,Jose Faulkner,57,Male,Crystalchester,Louisiana,14554
655,Jack Underwood,39,Male,Mcdonaldmouth,West Virginia,5783
656,James Drake,48,Male,West Julie,New York,10339
657,Lindsay Huff,23,Male,Elizabethberg,Michigan,18368
658,Amy Zimmerman,33,Male,North Tracy,Nebraska,19299
659,Tamara Johnson,57,Male,Jonport,Mississippi,12312
660,Christine Brown,51,Female,New Brad,Indiana,14415
661,Kevin Morgan,64,Female,Port Christopher,Wisconsin,17972
662,Lisa Howell,27,Female,Melanieview,New Hampshire,3955
663,Lisa Myers,52,Female,North Deborahtown,New Hampshire,10905
664,Christopher Bailey,50,Male,North Rebecca,Texas,18329
665,Timothy Carpenter,67,Male,Russochester,Colorado,18830
666,Tammy Howell,52,Female,Jenniferside,Connecticut,19365
667,Edward Chandler,31,Male,East Jamieland,Alaska,4829
668,Katrina Brooks,34,Male,Port Jefferyton,Kansas,16660
669,John Kline,18,Male,West Rebeccamouth,Arizona,18225
670,Jessica Holmes,47,Male,South Leslie,Iowa,10108
671,Charlotte Boyer,43,Female,Lake Melissafort,Connecticut,9814
672,Mary Lawson,39,Male,Olsonborough,Alabama,9602
673,Sarah Bean,64,Female,East Richard,Colorado,2525
674,Kristin Hamilton,20,Male,Robertland,Georgia,9715
675,Walter Levy,70,Female,West Charles,New Jersey,8321
676,April Griffith,39,Female,Lake Meredith,Wisconsin,17216
677,Cameron Smith,55,Female,Turnerbury,Hawaii,14579
678,Anita Jones,68,Male,Kristinhaven,Nebraska,2953
679,Michael Harrison,41,Female,Krystalfurt,Nevada,18719
680,Kim Harrison,47,Female,Gregoryview,Kentucky,2469
681,Michael Jacobson,57,Male,West Reginachester,Hawaii,15402
682,Rhonda Berry,62,Male,Robertsbury,Oklahoma,15944
683,Brittany Jackson,19,Male,Barnettville,Pennsylvania,7544
684,Sandra Osborne,20,Female,West Alexandra,Texas,13649
685,Tiffany Hale,39,Female,Davenportfurt,Mississippi,10178
686,Susan Taylor,68,Male,Stephanieberg,Nevada,4445
687,Joshua Castaneda,28,Female,Courtneymouth,Wyoming,2272
688,Anthony Garcia,48,Male,Tanyamouth,Louisiana,14985
689,Kevin Hall,19,Male,North Justintown,Alabama,18989
690,Derek Jackson,55,Female,Wrightchester,Arkansas,9713
691,Daniel Leon,43,Female,Clarkfort,Kentucky,19185
692,Sally Bentley,30,Female,Kirkchester,Pennsylvania,15911
693,Katie Hernandez,46,Male,Wilsonchester,Illinois,6765
694,Julie Schaefer,60,Female,Port Katherine,Indiana,13367
695,Katherine Morgan,54,Male,Strongmouth,Wyoming,5401
696,Michelle Mitchell,28,Female,West Amy,Missouri,15430
697,Jesus Riley,28,Male,North Walter,Utah,7348
698,Joshua Long,57,Male,West Brianton,Arkansas,3871
699,Gregory Cox,63,Female,Wallberg,Tennessee,17734
700,Courtney Coleman,20,Male,East Nicoleland,Washington,6216
701,Joseph Torres,49,Male,Hernandezmouth,Missouri,19480
702,Gary Rodgers,46,Male,Lake Mariaberg,South Dakota,13029
703,Amber Kline,66,Female,South Jamesbury,Nebraska,15440
704,Tonya Barnett,29,Male,East Timothy,Oregon,3353
705,John Jones,54,Female,Smithfort,Texas,13760
706,Candace Jones,51,Male,Port Michael,California,18856
707,Kelly Sharp,24,Female,Port Natashahaven,Delaware,9465
708,Robert Savage,22,Female,New Heatherhaven,Vermont,6201
709,Jeffery Singleton,51,Female,Lake Brandi,Missouri,10464
710,Nathan Webster,39,Female,Rebeccaborough,West Virginia,2644
711,Angela Young,27,Male,Williamsfurt,Oklahoma,5459
712,Jose Banks,68,Female,Chavezfurt,Louisiana,4835
713,Matthew Moreno,28,Female,Lake Joseph,Idaho,17244
714,Devin Woodward,45,Male,East Michael,Washington,19935
715,Michael Lucas,65,Male,Knighthaven,Pennsylvania,15604
716,Lee Rodriguez,47,Female,Carolchester,Michigan,17923
717,Emily Johnson,70,Female,Ashleymouth,Texas,13332
718,Ralph Perez,54,Female,Annberg,Arkansas,12099
719,Juan Roberts,51,Female,Ericmouth,West Virginia,14290
720,Jason Jones,36,Female,Lake Lisa,Indiana,10986
721,Jennifer Scott,46,Male,North Tanya,California,19586
722,Gabriel Johnson,62,Male,Jonathanside,Arkansas,17997
723,Ann Cortez,22,Male,Christophermouth,Tennessee,12640
724,Robert Chen,51,Female,West Marc,Oklahoma,14231
725,Caleb Allen,39,Male,Lake Jason,Wisconsin,3108
726,Zachary Carter,48,Male,Robbinsberg,Vermont,13215
727,Christie Garrison,31,Male,Gonzalezbury,South Dakota,10135
728,Thomas Smith,33,Female,Pottstown,New Hampshire,12406
729,Victor Jefferson,70,Male,Moralesfort,Virginia,9323
730,Shawn Pierce,43,Female,North Michael,Montana,13530
731,Kathleen Oneill,55,Female,Davidfort,Minnesota,18355
732,Connie Espinoza,23,Male,New Daniel,Louisiana,6777
733,Mary Donovan,50,Male,South Dylan,North Dakota,9178
734,Joshua Short,22,Male,Lake Yvette,Louisiana,8434
735,Dustin Huff,20,Male,Wallsfurt,New Hampshire,12400
736,Allison Stone,35,Male,Michaelfurt,Maryland,16884
737,Mariah Watkins,64,Female,Lake Matthewtown,Kansas,18896
738,David Mccarthy,69,Female,Cortezmouth,Michigan,12074
739,Glenn Fox,36,Male,New Nathan,Tennessee,18788
740,Dawn Berg,52,Male,New Robertfurt,Texas,15045
741,Joseph Jones,34,Male,Millermouth,Nebraska,14515
742,Sharon Lin,36,Male,North Julie,Hawaii,15798
743,John Clark,27,Male,Howardside,Vermont,16504
744,Nicholas Collins,28,Male,Lindafort,Utah,15604
745,Tyler Hebert,21,Male,East Daniel,New Hampshire,4644
746,Danielle Perez,44,Male,Stephaniebury,Tennessee,12678
747,Darren Howard,19,Female,Johnshire,Alabama,13433
748,Elizabeth Ryan,37,Male,Lake Jessemouth,Missouri,2163
749,Jennifer Lopez,23,Male,Melindachester,New Hampshire,3928
750,Christopher Frederick,55,Male,West Robertfurt,Vermont,12601
751,Jeffrey Green,33,Female,North Larryland,Massachusetts,4783
752,Christina Baker,31,Female,South Belinda,Hawaii,14297
753,Alexandria Schwartz,34,Female,East Chadport,Indiana,19528
754,Lori Rogers,66,Female,Robertburgh,Georgia,5416
755,Jason Castillo,32,Female,Gregorybury,Texas,18040
756,Cindy Bradley,45,Female,Annastad,Arkansas,13486
757,Jason Collins,40,Female,Dennistown,New Mexico,14810
758,Leslie Grant,39,Male,Bushfurt,Texas,19819
759,Jesse Johnson,42,Female,Petersfurt,Rhode Island,2680
760,Julie Evans,44,Female,Port Reneeburgh,Utah,10150
761,Sandra Smith,56,Male,Hayesside,Oklahoma,14989
762,Kaitlyn Ponce,41,Female,Tiffanyton,Florida,10663
763,Janet Rollins,19,Female,Debramouth,Oklahoma,13595
764,Jessica Zhang,54,Female,Adamsstad,Ohio,16917
765,Aaron Green,42,Female,Fosterbury,South Dakota,11987
766,Brianna Duncan,57,Male,West Seanchester,Wisconsin,6923
767,Anna Nguyen,20,Male,Port Bruceshire,Montana,3169
768,Susan Crawford,42,Male,Port Thomas,Florida,7684
769,Jacqueline George,34,Male,Nancytown,Massachusetts,18212
770,Crystal Chapman,42,Male,Lake Karenfort,Alaska,4911
771,Melissa Hernandez,58,Male,Lisastad,Washington,13743
772,Leslie Johnson,59,Female,Port Raymondtown,Indiana,2587
773,Lisa Cross,48,Male,Lake Robert,Texas,8328
774,Victor Roberts,26,Female,Jessicaland,Arizona,14173
775,Laura Harris,59,Male,West Jessicafurt,Delaware,9644
776,Alicia Valentine,58,Female,Jasonburgh,Michigan,16004
777,Michael Davis,55,Male,Annettemouth,New Jersey,3543
778,Courtney Marsh,63,Female,South Stevenstad,Alabama,12472
779,Robert Hale,19,Male,Brentberg,Louisiana,5459
780,Rachel Garcia,25,Female,Peterbury,Mississippi,11679
781,Jeffery Phillips,25,Female,Melissastad,South Carolina,2304
782,John Nash,21,Female,New Eric,Nevada,11747
783,Austin Fox,63,Female,Martinezberg,Utah,2143
784,Emily Gardner,50,Female,West Traceychester,Kansas,11580
785,Samantha Salazar,28,Female,Jefferyport,Arkansas,10555
786,Stephanie Henry,39,Female,Port Susan,Ohio,4046
787,Valerie Frederick,40,Male,Lake Gregoryville,New Hampshire,10189
788,Kelsey Anderson,52,Male,Velezberg,New Mexico,8185
789,Marissa Campbell,65,Female,North Tonyborough,Massachusetts,8349
790,Debra Donaldson,23,Male,Port Jonathanfurt,Oklahoma,13532
791,Bryan Watson,55,Female,Melvinstad,Arizona,12921
792,Eric Roberson,36,Female,Colehaven,Oklahoma,16257
793,Sandy Smith,45,Male,Miaport,North Dakota,16105
794,Dr. Susan Mclaughlin,35,Male,Gonzalesbury,South Carolina,12980
795,Steven Porter,39,Female,New Michaelport,North Dakota,4375
796,Abigail Davidson MD,63,Male,Lake Gregory,New Mexico,8957
797,Walter Sullivan PhD,22,Male,West Kenneth,Rhode Island,4522
798,Rebecca Wright,66,Female,Sarahville,Delaware,11715
799,Connor Porter,54,Male,Lake Matthew,Louisiana,13910
800,Michael Anderson,58,Male,East Alyssa,California,15938
